{

    "orders":[
        {
            "restaurant": "value",
            "customer": "value",
            "driver": "value",
            "customer_location": "value",
            "special_instructions": "value"
        }
    
    ],
    "restaurant":[
        {
            "restaurant": "value",
            "customer": "value",
            "driver": "value",
            "customer_location": "value",
            "special_instructions": "value"
        }
    
    ],
    "user":[
        {
            "restaurant": "value",
            "customer": "value",
            "driver": "value",
            "customer_location": "value",
            "special_instructions": "value"
        }
    
    ],
    "menu":[
        {
            "restaurant": "value",
            "customer": "value",
            "driver": "value",
            "customer_location": "value",
            "special_instructions": "value"
        }
    
    ],
    "pastOrders":[
        {
            "restaurant": "value",
            "customer": "value",
            "driver": "value",
            "customer_location": "value",
            "special_instructions": "value"
        }
    
    ],
    "Driver":[
        {
            "restaurant": "value",
            "customer": "value",
            "driver": "value",
            "customer_location": "value",
            "special_instructions": "value"
        }
    
    ],
    "payroll":[
        {
            "restaurant": "value",
            "customer": "value",
            "driver": "value",
            "customer_location": "value",
            "special_instructions": "value"
        }
    
    ]


}